x,y
2.8278831939565228,5.053756952006424
0.3173262131110093,0.13416167573417676
-2.216234448773803,-3.1850660327554428
2.749095108624142,4.147454757189919
-0.8829288518812586,-0.851286748771598
-1.4871871005975685,-2.752322864212654
0.7829927121547167,0.18304942615606723
-0.8849760771447848,-0.6503463441622377
-0.5321280924458271,-1.0897102502331746
-1.7059062474654296,-1.2141126224080578
-2.7729669559207974,-4.195524377701663
-2.5626069202230535,-3.723378555103982
-1.3380246922029762,-1.3967515134435895
-0.46293834362327235,-0.3868225085233039
1.9593787259521243,2.8352465370409967
-1.7139360909011367,-3.104685033721424
0.9261082417891213,1.3553208495093292
2.5560179679141477,0.704440264537133
-0.5615378639052353,-0.3153190632075825
2.8731562772300734,2.656124601397331
0.8248616815410834,0.8808974505978058
2.742198334414586,3.3794114474574095
-1.230258676833649,-1.494236066298599
0.9300819550687129,1.2962005025428105
-2.04698010815228,-2.119122061660338
2.480549979368404,4.5914766856985585
-0.9737028954067988,-2.100087840716637
-2.0482596329215674,-4.230326878381785
0.1759585591543784,0.1811302591340725
-1.9959433091935714,-1.9939224548360492
-1.3196406773171439,-1.4476986226925517
-0.7104832028335704,-0.6683086892418222
-2.118609960812259,-3.5577376883297753
-2.7579148910143454,-2.2758537239436154
-0.7505549885598088,-0.8996250365256261
-1.7563751080850418,-3.3757608851428405
1.0282930849748553,1.327267401092824
-2.9986674328534377,-2.8734630905631198
0.8864783130692748,2.4302247649001925
0.260232981437424,-0.22559050365562472
0.13983376059870078,0.28526678052134724
0.04609000637241767,-0.2961720338760261
0.25349855943436195,0.11656847940500287
0.03951173938532904,0.16398883611707613
-0.3218098897695132,-0.43721045831462924
-0.9611253752212576,-2.0730482105160095
-0.8213763073978466,-1.5362172110433594
-2.417845441882513,-2.0917146312717585
-0.6344696285456877,-0.905689572908907
-0.057779997312511266,-0.08704777181350723
1.5798484348623631,3.539962707527796
-0.3707800197075022,-0.22812224232804668
1.6196431144099446,1.9791016441765779
1.6757803893374223,3.25180309518013
-1.0393335548111977,-1.7683485954602343
-0.023562151691234767,-0.014877287467885105
-1.0446022828832306,-2.986895358991209
-2.5653033054488077,-4.836680067094613
2.1285047149569554,3.421304538960569
1.9231017737547402,1.3661870738688981
-2.4911875752005876,-4.295055848999666
0.9274648715078619,0.17414309121338478
2.0711114572092626,4.119941497984518
-2.76007166001415,-1.5534164446739074
-0.6562625679054404,-1.5826102596077263
-1.5353932596372328,-4.076691623002788
-0.14932418056923513,-0.06744617518568755
-2.0766312891791894,-2.757901962464146
-2.796326871653787,-3.353798986143935
-2.8740154788120664,-2.962660783532198
2.6922199841687258,4.289847706588835
-2.597582102069209,-1.494003934156439
-1.691424531251557,-0.7402884863156356
0.7562505999297331,2.3850772661165527
0.831211025504377,2.6873433994899862
-2.424877894667654,-4.820445664815679
0.2729371766530564,0.7985443085231709
-0.24848836561616494,-0.3065046838551076
-1.6576918093027981,-4.768730355011295
1.8320686871134457,3.4212590523437845
2.7937251791512825,2.849099800201387
-1.2332789284378296,-1.8509707056396776
-1.7642771341483927,-4.082518047637811
-0.8152601168206504,-0.32354885797525923
2.2977803133234183,2.0318991049718518
1.5952955106017068,1.539377014523088
1.5074420629200835,3.520527208193684
2.417332795147038,4.079805504220956
-1.605907726620894,-0.3210050185917894
2.1813613040785436,4.6120592555254705
2.5039211275709983,5.628186413139653
1.1777795654350882,0.8208935768561487
-0.5591842590096099,-0.6520891362143654
2.4472860310468665,6.720661623761742
-2.7855024700036926,-6.214391851796122
-1.2968581580849503,-1.935213560933787
-2.4247409620905516,-3.8018547939916547
-0.6982017719672777,-0.877452944198908
1.4463971817403118,2.982971313531658
-0.5902799368368061,-0.8102848373870581
0.3512043364263464,1.3595550820191267
-0.5204599277173272,-1.9871894238452872
-2.801764729387727,-9.254853354518534
-2.618156703144604,-4.368945020699736
-2.7304814905705976,-1.749238400203684
1.8581521869408366,2.581918705437437
-2.4999960230545177,-4.465938498900393
-1.0063084149817845,-3.0364876185318965
0.3386128175837171,0.38462410812656206
0.21276395477364307,0.14563662255578463
0.6919013010028019,0.9334715147884457
0.154048706064001,0.1896710317653003
-0.04061337109242347,0.09411795599262371
1.021295858930805,1.1778688705299518
-1.24848907160774,-2.681517867861545
-0.2624439552611495,-0.38716461846255995
-0.40851699216133586,-0.6212612760746952
-0.8719440423999343,-2.194589211238519
2.9808812863172314,5.215516916422168
2.417826405743001,1.539800699404461
1.051561584501056,2.1195286324733598
1.4382409938092149,1.5979823938667672
2.23533216892974,1.5997895088577356
-0.8479065782117372,0.6929391967036893
0.17838878384164492,0.300060778496771
-0.8773021114622113,-0.5480721530479401
2.3518017169545153,3.409758871280252
0.6463744047913216,1.7411215356118848
0.36771952266793484,0.8615641243846698
-0.2914172081804418,-0.5404798782735655
0.43488149218032657,1.1002415128719605
-1.2599364568341713,-0.753623489334774
0.08789100697865848,0.02659263193707502
-1.763642086812231,-2.664111807049544
-1.5504051829772305,0.036414122262200976
-1.9153142507557417,-2.6076076003553736
-1.8240506675858545,-1.2953746891435913
-0.13667092446778906,0.028387856086616675
-2.6477881174606184,-2.017864500722122
-1.0101442284809343,-0.7105185435751866
-0.12496627508500024,-0.9370049403400924
-2.10291362924628,-3.9269433785980374
-0.8671199989637008,-1.5178399466664223
0.2743457288901885,0.5182906540707797
2.4340057941307425,2.1906662140880275
-1.064423606563404,-1.68712176454341
-2.969542724489112,-6.9443161089139736
1.0463473291934537,-0.10187838000220384
2.7534652753358575,9.10398612949994
2.9309179132361844,3.555626107973805
-0.22220432105521315,0.09166877636746684
-1.9440351136963496,-1.6884039929137489
1.0426444390131895,1.2209032067576033
1.844253711645293,4.759485914292922
0.3381935271451004,0.14764418367378168
-0.8909958358981958,-1.3916250553570082
-0.9970610370186543,-1.0080346895123073
-0.3510784829664848,-0.5134889209917656
-1.775814501167571,-2.8632499179087416
-0.45058610104740904,-1.594744171308493
1.9395649867483415,3.958899759257241
0.3314770691309059,0.8621756709611854
-1.4689108700846385,-2.722436902697223
1.1994495250600359,2.658652206546979
-0.9021887227162324,-1.1675064527981032
-1.877095026423571,-1.350005125598112
-2.6998142906687486,-2.623310170516476
2.200356203120559,2.8491762750070713
0.37292515996902775,1.447981433632048
-2.821301212363972,-5.916420916518411
-0.03227273813458886,-0.7119386725040575
-1.2894815279485075,-4.485931137473198
-1.4330217029584498,-1.6775946231847496
2.5439018617290907,-0.09407316280860156
2.740797257566908,2.942412446936923
1.4333552730747465,3.3371852793310666
-1.5107636392345762,-5.045886522958666
-2.4055740389384246,-4.004067736093246
-2.6726573487229883,-4.144949148326928
-2.7099277012464733,-6.878114226586007
2.836177595826898,4.734867433153066
-1.9532388325373025,-3.195459564016301
1.3865717850089103,2.7136123791752707
-1.1179242904183495,-1.7214979231157306
1.5883446974939917,1.8185934571339026
1.8985002531963326,3.332085905868032
-1.4212098593133171,-0.7950051926649453
-0.9717020356719912,-0.3768331397820406
-0.02877781863760065,0.08687506354109689
-2.6889605776655596,-2.543720316690731
-2.8551371276506474,-5.539676033112151
1.8927735045753256,2.488494080350003
-0.26405876840504483,-0.22815485223770757
-0.010042273640542554,0.03568328542128411
0.6448008617521146,1.3256265826620788
-1.026524941941094,-0.3632951782999805
1.574268767652887,2.228716812274499
-2.863735507402896,-7.134621247831146
-2.2355038490956125,-4.726564754125214
2.5671635652622324,4.21338499700545
2.2580431591598,2.8076203761266125
-2.540233397067778,-5.927622731182025
0.32530383041315547,0.4710674642936181
1.3991262678703658,1.3300687514915701
-1.4569243540483001,-1.5562569746689552
-2.9042663956876513,-1.4037730681322889
0.9582682307161363,2.3420168233719387
1.6484986238848656,1.3700640388212129
1.3935432537376853,1.4460970125790356
-1.983007481706509,-5.11364631952667
0.40084050764361745,1.094690277337605
-1.6341045902117353,-2.2883857652441764
0.6869104191773037,2.0090001514700333
-0.10718240572051085,0.0001131530061878605
0.42030892323946833,0.4290643996197868
-1.1120439280053913,-3.2075945622565123
0.161898630761784,0.33388099610383204
0.09227370038868443,0.6762503286683615
-1.9699153933088511,-1.775587318815908
-2.8856713202610758,-4.5752785961122395
0.9550593136687784,2.084856115163618
-1.5372265752030754,-1.4844759130599972
0.1853226993415933,0.6729322881708186
-2.89251147661166,-5.991733072796836
-1.396135987393067,-1.6428033425112007
-2.757181278155918,-6.893669312012758
-1.2332093579904366,-3.6095794839604896
1.379859112127976,2.7911868163544895
0.7629037691312428,1.965233874726249
-2.0130685048614163,-3.013702838468877
-2.2723803511635587,-3.546983560149426
-2.2917416117753273,-2.8866021021773434
2.0970882884296778,4.830360373482831
-1.2917699650728949,-1.0636643396392103
2.9717132087151876,5.109109251600881
0.32871543505163814,0.7662876864827877
2.9929062195651586,6.128493403956971
-1.5555360148459654,-3.549423316383086
2.693215700645447,5.014975106999417
2.5364175091721632,1.5876522226399863
-1.97540119353151,-1.471307553213839
2.916865241671264,6.028116841642387
-0.8997315702069528,-1.3042962083558747
-2.114780296020163,-3.443791196034557
-0.8118375452346025,-0.4273283221166557
-2.510335943467166,-3.2978936968933
0.5842762995346229,1.0183134275152614
0.5980452041003743,1.084117959916931
-1.0077319465168728,-1.1825517407302295
-1.1154865072158937,-0.6564965900070552
-2.7843906489019825,-7.186261663966268
0.9950962721550871,1.4012059795912557
-1.496646871416284,-4.466390495502845
-0.16028633606180476,-0.12172754550296463
0.03755357299886253,-0.08630734217890945
1.7257842930818317,2.7651850857870297
0.7991474375211918,0.6741355982338573
2.824009223642526,2.68557397952476
0.7923449315355757,0.8949635022892583
-0.8566711174254689,-1.2265322191836994
2.218768372338598,4.379285321548629
0.09533384571801218,-0.04656637329873345
-1.8740460954884957,-2.628034807124372
0.3905309740052396,0.7617715746105695
-2.263345544458347,-4.1585461475813545
-0.9282773063398411,-1.1052480284328765
-2.816943105436966,-6.676131632360875
-2.530324358038773,-5.347934299864179
-1.6889417156334248,-1.247814040468643
0.7318400759614736,-0.33010326479430674
-0.04052341815421823,-0.13698280160882054
-0.4021220957576874,-0.5725250276532876
0.427364966508069,0.7524527351143839
-1.8271899839478936,-2.3751283701817076
1.0936988746951624,1.4507015104191878
0.2651329548222745,0.26126997403133767
-2.163267866286186,-4.515470847302961
0.324571623632945,1.0974362578264876
-2.3234765556313146,-2.2592717186198277
1.0457075754452836,1.8108294940828664
-1.6445490871569952,-2.550348063084147
-2.70671893919108,-5.150118422329714
-1.8747425683181778,-2.8783531286308723
-0.1023387315787323,-0.4062124641171443
1.2696448978192043,3.2224349391139704
-0.7755711602633006,-1.7491454441165324
-0.8071109815781918,-2.0665154048770566
-0.3638347938993296,0.698536278770655
2.1986492162541804,3.081161984813691
1.8035620550080216,1.594642084146992
2.560252373753819,5.170365382317646
1.7135849771964224,0.9307078047113304
-0.3284251349500602,-0.7682085998937027
0.4315951170745205,1.0155063802572237
0.3102833360958952,1.2933224013458124
2.931050721873124,6.402836254739794
1.4248880113083882,2.9039900545227066
0.20095850071349464,0.7486063368148276
0.8738469835169567,1.1043668245266172
2.7488420142052323,1.4149790944550373
-1.8547204859763762,-3.700773405106846
2.6567658563440126,6.451133112782118
-0.8833926864340009,-2.1914716098460323
-0.9093063047171488,-1.4685272813670964
-1.6520741059222486,-2.4230129432409373
-0.8748726040310282,-1.0043793154228748
0.036164165853977526,0.18877485632416072
-1.9748741094910343,-2.0561295723201445
-1.9877780282621438,1.1450641197433749
-1.2721225064476,-1.1665731521807476
-2.9532704545266872,-1.5715928325319384
0.8779680973499375,1.3624894279030968
-1.7924548846666892,-0.1339912107234258
2.2386443746591276,2.164025496541014
-0.7292632207157697,-0.4405396115211796
-0.27108948131900146,-0.44239278453341924
2.568067071203803,5.583532224502052
-2.8481394139447156,-3.2091094016511574
1.2443625214652831,3.0892854856082748
0.03490270068579715,0.16563893884731695
0.8193320540579032,1.2006338574475888
2.820333345087646,6.1513077346606275
-2.2230292969839907,-4.584224952338612
1.0513024534375681,0.11240574381456914
1.2264931341067538,-0.20713377074467143
-0.2806738360646852,0.2518795272618045
-1.9228819723695056,-2.5232805225366843
-1.9676532280152212,-2.277230871199775
-0.4783159106632553,-0.8848336065811735
1.0510401157991085,1.8492763514170438
0.29963871860415203,0.18465270537251532
-2.3823655469578755,-3.592938563912847
-2.6808220485124004,-7.261868799699807
-0.7754766950806409,-2.409305791550958
-2.3273601339374337,-5.565430211667433
-2.1594700192069864,-4.4993563569893436
1.0769469706287014,2.780443140090054
-0.14734936285238476,0.5119820910800671
0.8886006710284899,2.178367023177212
-0.9158853699061602,-3.7532223405469973
-2.434187832944648,-0.7018715253774803
-2.6126146742777605,-4.58596111305099
-2.8994002984317224,-7.371739534601077
2.178356092297266,6.146455240455193
2.787103819267884,3.4344636257831933
-2.100548305609611,-4.5476523400244995
2.676842944483062,3.0526091424226656
-1.4187429154193965,-2.465017065721134
0.8695712466413283,1.748009900339604
-0.721927534489339,-0.9475852928298534
0.7121409904274785,0.6660009970942264
2.0578545465871514,0.30077503614070444
2.1643218478392265,2.0783525515626513
2.2139261007201387,3.705401152498342
-1.412215781313182,-2.8797880006645196
1.6611907131023624,2.6677419190306058
-0.9045740793256147,-1.3507912742226034
-1.9179708259143307,-1.3257785204588712
-1.1493022663019115,-1.468200997096863
-0.9115534676501573,-0.7116418559047265
0.38084064255515804,0.4768546527283691
0.703469354351034,2.0781943491389825
-0.6071747015568256,-1.1657683570501711
1.9636663065298174,1.787690551877187
-2.680042701956277,-1.5947176267223107
2.203266452449613,2.3515328747979654
1.380215481323634,0.9526717695171047
-0.815901210296702,-1.9942571275194494
0.6952133304183379,0.7360065857482813
-0.4161365266104031,-0.743538925879203
-2.350072884277213,-2.8544123526728136
2.782904380424494,5.618567728566964
-0.8809463296656412,-1.298971588653313
2.0525697002232217,4.438047748998101
1.672357732953781,3.491320578808005
1.5572981630392642,1.288041354740471
-2.7877244819821563,-6.00800777930586
2.002098895173602,2.3803814438311
-0.13225192178541167,-0.7983568536049165
2.2457940537125207,3.4951633688230785
-0.6524515969229583,-1.111527542213749
0.8924906079193935,2.5386016183654543
-1.196878906048903,-0.7846947202513281
1.3367087791935628,1.7064590996000035
2.9511606633567693,6.355897483973735
-1.076191868558474,-1.7503617647563878
-1.006007485114851,-1.1294597743734796
1.4708396469231175,0.11754225498243631
-0.10629465163463792,-0.30625219545797266
-1.3208724162268355,-1.8161789455147417
2.820445582779536,3.730257795595537
-2.6015630615377097,-1.6201680886848977
2.246006109818092,3.927451111345876
-2.6895604768458408,-2.919302616803987
0.8686118181609381,1.459615226130451
-0.8757062976086791,-1.2991613524943986
1.0748210917024696,2.392347238292202
0.9734456164277354,2.862666893953889
-1.2701419592906633,-3.914611700107022
-0.891934253236065,-2.079285735664042
1.4700849379548488,2.2699654132028657
-2.931150663456952,-1.7548766481934415
-0.7622990809527908,-0.6252994777129152
-1.8305614099590182,-3.8034396741281142
-0.018119843396750213,-0.10941351054678564
-1.732054842184169,-1.6641937462395002
1.1700422716025027,1.2154641862109625
1.74171230747897,2.966013846528594
-1.2072959348645653,-2.439457657221016
0.36305122150328906,0.7488385890347036
-0.10414515561726523,0.010915252656435032
-1.583875665920943,-5.471700610212888
1.484759738363703,4.189453124837499
-1.2608774622304377,-0.06667743444387875
0.5642468909561131,-0.24908883787006086
2.1667006645417253,2.907468457033616
0.9392589163997793,0.16304047605002658
-0.6762979907240982,-2.305207005126978
0.193589858483175,0.5466880466714004
2.3191490173716245,6.362671118789983
0.805048904555167,1.1918392590366773
0.294680368216369,1.0306790583885517
-0.5449882245991029,-1.1663192935236575
1.530306293574939,0.6744621621100859
-1.9672485857243123,-3.4885897055118953
1.2924131396371354,1.1747680775036127
0.3579849060325806,0.7149959905410854
-2.45940180470646,-1.8669711292905664
2.017325806408585,1.3980694498947128
0.45766567829854266,0.043840689266581245
0.6728421711124541,1.5399136727385594
0.4682754995095846,0.5340308171078102
2.4849659486871163,5.044734987907571
0.27933114477886045,0.11645476538679467
1.5913796423510052,1.6275548795536414
0.22305882221646778,0.6768612977367197
1.8003927254131256,3.7521253607201652
1.7149145554286171,4.283425029459628
2.950244539332852,4.013040428185579
0.575055389709465,1.5681963971420831
-0.8385399368251831,-0.9446877976162498
2.432732047390086,4.321558053738687
0.9130102303001757,0.7309394803121154
0.6808317027618673,1.4232129240552294
1.4583046875317063,1.914103038407955
0.02864004827935407,0.4471029413937326
1.273074948288932,1.9080506868915241
2.901040372520047,3.998899933705246
1.2992148556156753,3.200373711066872
1.5696311102612936,2.4504881306870283
1.2015193584802173,1.0178958670925171
0.8298964017518795,0.17591688836047092
0.8318924381109829,0.6221355447424876
2.9182377433810354,0.8144846460165005
0.9535215881434054,1.3577846359652843
-2.72014571943729,-2.5057224966336644
-1.7269363090730925,-3.2935751255946255
-1.3464360313618637,0.532370834827177
1.0769619653955171,0.41603978166469857
-2.0231027341212817,-2.28531369714989
2.3592750762896824,4.241954456787477
-1.9872666902998428,-3.570153214124637
2.027444665070682,2.820589734354329
2.4986376208180774,6.5732168670984645
2.9526919316138764,6.544522706992883
-2.903342627755376,-2.5379871746044476
-0.11203696520437312,-0.4180035296350993
1.744538364333069,3.2347676644900365
2.5265697782406713,5.19121223923371
0.09125499981143026,0.3573445504494937
-1.5538226413184288,-3.912304320849284
-0.9090084980009818,-1.1095920956072367
-0.5738087808199603,-0.680404167196308
1.756418717322826,4.038583424231186
2.6043156074430422,3.441427973851225
-0.2449351276118903,-0.7676824425994518
2.7503022156750703,2.370612187215009
1.1542334240406005,2.0555392795913487
-0.22630178059669248,0.0507159409424206
-2.3566187590870777,-4.125802129805019
0.032578567664359515,0.11314696621950614
-0.6482550644789038,-2.1789661866042747
-2.227426385436808,-6.614725654728096
2.3013243315847927,4.204579017448557
-2.2809223034293398,-2.702517958558785
2.6167554464632294,5.1907434223171895
-2.851344016877838,-8.271386534232168
-1.8637269267607324,-0.8779474938500949
1.2815903980761654,1.3794103626686902
2.7252593444680837,2.975924359950703
-2.6392105428930384,-2.768992570082596
-1.489853452208743,-2.145042769331462
0.5827043802870109,1.8044850631018137
2.656743208526766,5.276120254577047
-0.44390251563691985,0.053286143982841705
0.483952977387891,0.521464227070021
-0.8688296211235622,-0.4185952300066135
-2.244312287065079,-6.801513347375655
-2.8679262565634227,-4.463621171183428
1.0343178678835487,0.44850730361360225
2.2648911075692233,3.6024097314040264
-2.014222807316658,-2.7616460474272078
0.49190456674447436,1.21175488834053
1.4474070988065906,2.444869523547243
-1.2073607959173174,-2.485275978994827
-0.6987929934874728,-1.3305633581026493
2.545032461012437,4.174058881747753
-0.9842666730290186,-1.984239809620509
-1.387558871974625,-0.8476603913281167
-2.4703707241461608,-4.329413874339403
0.6326480861366317,1.5451073470343963
-0.1919516332905271,-0.5003843932686047
2.7554595232567074,5.29463452755855
0.5560851492533816,0.7230084375168795
-1.5794656641026832,-1.0291180895884702
-2.651471156465904,-0.5471740766434037
2.3974560406310683,3.9392220556185245
1.47889858403415,4.287047776143547
0.586994926252018,0.7966957679862962
-0.2903122093871042,-0.36043174341847295
-2.7519893666243735,-4.323701768847379
0.4642497952208524,0.21653957327288997
-2.248321813705811,-1.1041390517655145
1.547040337396199,2.498057248926908
2.353160486984338,2.854174237881799
2.548242169100777,2.587175736169601
-2.6577130932866604,-0.5875477800983209
-0.4098372675207882,-0.6784895997145306
0.6206195014974734,0.8432291762788762
-0.29266669919631916,-0.05327616358060522
0.9622414770239733,2.646731437459879
0.05089938434314245,-0.042239536016793186
-2.350457108242595,-2.5185461431909797
-2.0785615211836377,-2.2156005322435792
0.8471673947615876,1.147159577484872
1.8040541723470405,2.2156892012933707
-2.9037010016971623,-5.535927282290886
-0.9498081598467865,-0.6240155590239557
-1.6665286710941651,-2.196317424391521
2.6740788321604265,4.154895576962871
-1.0173262310029962,-2.104345790417576
-0.3023082135076951,-0.056476904377971204
1.3895581891510123,2.412575745423181
-2.2975712214069395,-4.817569673449918
-1.286621654158318,-2.2667877108522974
2.396267740630215,4.841563009214998
0.8717024891068688,0.034742312223827065
-0.04566494310564284,-0.0764209624375115
0.8559478116518981,1.880548569760123
0.8163406516992482,1.3958180758175536
-1.5249163887126342,-1.4639914154472726
2.6943187302804805,0.2508716456028983
-0.9624803481835045,-2.4546920998487756
-0.5100646612888182,-0.31143497413342713
-2.3309573727202557,-2.8515036810651564
0.14682646958641232,0.14378741309703008
0.6287232952891437,1.1032004615297135
0.01848362771772294,0.15524015033521374
1.5484058382949772,1.7745752925370781
-0.9790447037853971,-2.013723584880361
0.5767687651932341,0.13706790744886466
-1.7039856700562612,-0.7769586506302968
2.649010081977817,4.104981300378856
1.4642738627911864,3.8386025568577797
-1.5130380333241074,-3.7531850810581995
-2.4537556513873318,-3.462555037579055
-1.9965178824918612,-4.65787796842191
-2.1019938517562795,-0.5826612753065419
1.2436922081332495,4.443980388878632
-2.9445190393241223,-1.950828894940512
-1.4270764021290894,-3.3226612314278894
-0.5881560095645906,-1.5215329623600637
-2.8304753822596833,-4.429744701898573
-1.4890365487234276,-2.0812792299646903
1.6896314025550865,3.1653554493595757
2.113130130953464,3.8663893354978933
-0.20739833588550383,-0.3054208386312537
1.2818612073234252,1.7021529797725656
2.066166569910221,1.917297442150915
-2.5117335514149506,-2.6103479436101074
1.8578700540174342,-0.34074517135472027
2.0288148267154646,3.184310465739745
1.2935150700442062,2.1622745215412342
-0.5462837036453854,-0.9363634176403812
0.09336106288380241,0.3485361219614782
-2.073832439198167,-1.688218890497258
1.5048370823172146,2.482672198367682
1.312207251975945,4.252584810043919
0.7373452046594511,0.6589971231728582
1.9928758282649675,2.342860207462862
-2.5038544441895905,-4.4631362166144415
0.1610303855637918,0.5764409081890121
-1.095987996314441,-1.332338404613365
0.5712937533138187,-0.1866684932938023
-2.936413864314934,-5.050301224606724
-1.2869965864404045,-2.5132486729523302
-2.47991138685934,-0.8624779473395634
-0.3770724938935244,-0.9102123523568701
2.538480193210418,3.7794868607343552
-2.7257893522762235,-6.978397622867103
2.520186187056373,4.0499501335589985
1.1928502902467706,3.512708336649354
2.297002688764824,2.1309431099297624
1.754955561354155,3.7999678546773525
-0.439017192879259,-0.7539595096499005
-0.3197790621569858,-0.48734150555569256
-2.9013135972104065,-3.147961270348294
0.014679903000609063,-0.24032324095592722
0.01945831127761366,-0.13312678208608322
1.5529316552352697,1.3042125002470089
0.4168249223335474,1.3862964970559584
-1.2932737507922814,-0.9109223579753793
-1.6384727315421177,-1.289073947394006
1.6384555645375283,3.6529900678234255
0.0384188912616481,0.23803810344226195
-2.3976881639381586,-6.255972283552822
1.793527504641764,1.9292309789528719
-0.6252074859089398,-1.0626922851968847
-1.330974160354219,-1.8645381223992419
-2.3171727685005212,-5.093277279953541
-1.8372275547857393,-4.560187249069083
-2.686592711654823,-5.938532852117685
1.3267154345238552,1.2346210012868428
0.6997168126550202,0.82159602786092
2.7789689134621955,4.964028246633857
-2.0024235712822933,-3.2195465208066287
-1.1595416038277557,-0.6479040167319321
0.8361974516932489,1.6900481093159376
0.33314151522438484,0.37528311482796706
0.26765605015707195,0.563466603825337
-2.442245815201286,-3.835580506804269
-2.8755836595162885,-5.448169199499102
1.3312626231761744,2.055424296849942
1.245571262600941,2.261541983771402
-2.8287209015379347,-2.3392693945880803
1.9862242897497158,6.04856067265489
1.6003707376649468,3.8775834441810577
-1.6971101787736023,-3.761103364475799
0.39743954391983616,-0.10345395484872
-1.422913113578281,-0.7711595397699396
2.004617427159932,2.83277010404569
-1.9540924522509242,-3.897614705222408
1.9819212737037866,5.239431311349085
0.9494488653132218,1.2795473450265713
-1.8870407188981866,-2.977857877716894
2.1931369197748314,2.321350532096561
1.9761223025048906,0.1456760765493459
0.8128654473038641,0.5847981705252525
-0.00595445217149182,-0.1384030611597951
0.7740610201317164,0.07149610145889196
1.0197270407885526,1.594242211359959
-2.3835404469036763,-3.1403125967222394
-0.5941510792905111,-0.3849601693114304
2.615142816240744,2.584091126388894
1.6381785765137789,0.24235991875217522
-2.538234236550567,-4.371768048409124
2.145082660943671,1.3573099397230208
-2.623969199005087,-3.9827881091495403
1.1067219806363537,2.409744496785314
-0.9785103628427878,-1.8852633578686817
-1.371913609225893,-2.1313119899145363
-0.1164668542342091,-0.7277131762529258
-2.525403568896697,-4.455467233114002
2.8010233201834884,7.218788447726577
2.737627685121577,5.134565906417194
-1.97791998390945,-4.050430566678465
2.7576360152917525,2.0547113865979707
2.7441083914994175,4.069064232048726
-2.2672551167228683,-2.6068783132078837
-2.918590297255217,-5.875299397961034
-0.1855586606208579,-0.3387219683897278
-0.9735144458253999,-2.9742489761483637
-0.10811353168588989,0.05309498020122691
0.0895761816534586,-0.08291628314930155
1.5223961508673547,2.989402039907989
0.79012551998383,1.4200558980243778
0.06425842614370758,0.2066287509671602
0.012144884038821857,-0.03541191607249012
2.6371323060817886,6.887843390415483
-1.2218361693151916,-2.4400856509235314
-1.858067683876414,-0.6038961048738019
-1.1164399627190436,-1.4539461263701474
1.7250958381254868,2.740393292325297
-1.2121593811399263,-2.0320414894393073
0.9065616657362066,1.4432815682029116
-0.7243052228163349,-1.0802271534368866
-0.6095406401144183,0.07170069910837618
1.4597775028756779,0.883322487560767
-1.8798763062975434,-3.0777949582497417
0.7034006275322975,0.4664010585854912
0.4216721630477007,0.3718869146278805
1.8374805382838906,2.778937853267635
2.480782562732826,6.26186059579914
-2.1420673995610215,-2.496254502990295
-1.4567293448787704,-3.2124326289051437
-2.146884855082561,-3.6570573391286754
2.990651384284682,6.784565636937861
0.6506039803534018,0.6308527767071312
2.630495430099492,4.186172505630829
2.7809970488352374,4.93551262513398
2.425581151001566,3.275282104701491
-1.4014002958448335,-3.0522688211952405
0.039651390784489315,0.11576454856871274
-1.5988601297976242,0.27403587503866556
-0.417395717474236,-0.836012694379226
-0.4440825896444247,-0.9159174770285254
2.4841271056901446,4.979758753415555
1.169560083588551,3.903496229547356
1.449829475636875,1.2651425138841725
1.4398387620835624,0.9022370583944186
0.279935336857847,0.7129000484682951
-0.9283933143200285,-0.7723793793916841
2.032496737785701,1.6630564472080462
-0.9170605152198625,-1.5986299211832498
0.1256275267342688,-0.13051298998626487
-2.089938556539848,-3.668256005752648
0.5540260211273891,0.6774395176934008
-0.17933215780226508,0.02368964662521822
2.2713085254926035,5.320207801685077
-1.1829918063824358,-1.861752504998877
-1.175370636742443,-0.40301571708628847
-2.254571992706936,-1.8922429310518316
-0.10770446954114199,-0.510788621330504
1.598171248926473,3.709841056352759
0.883109893447573,1.9150314933198591
-2.466939542109782,-0.47137011021120845
-1.198372774103145,-1.5524213223052348
-1.0496761811139328,-0.10322344889064117
0.6044000342037084,-0.06842222967249034
1.7305617352917615,2.0470994629858823
2.9604309849045176,0.5252236491157767
-1.4701147589480177,-2.53850297825408
-1.8391760181064283,-2.5422830902457596
-0.46260646809885886,-0.7060581377954284
1.0568252314058677,2.361788096013704
1.309645130967379,4.407540114947457
1.979778543036259,2.471499097059045
-1.1270164142818349,-0.5759560347950854
2.0459370146653395,4.083673508768228
1.0202534532895022,1.833073828781671
-2.8846851897541486,-2.6734915646548383
2.8368759707164637,3.6068208761593175
-1.4821411129095694,-1.0721663549555096
-2.5466668240152046,-6.312590551894947
-0.3408299460348916,-0.44701557184382423
0.20786803086406724,0.21256939453353546
-0.1940049331371858,0.49649919017891575
1.6075119217689915,1.1579486138100612
-2.2988131805242755,-2.6682215459372123
1.8721622084402885,4.482029911026155
-0.09002524147527469,-0.2773020590597167
-2.536514796182809,-3.7380374676261017
2.851088008989411,3.3086599814323154
2.3646914377324215,2.8460770085439733
-1.0918444554418227,-0.19302546233601792
0.02995770208510873,-0.3660338277419489
-1.538468878504637,-1.99545533291858
0.04411658197427393,-0.40566119667340916
-1.5071536338424019,-1.205771057202136
-0.7785419767203092,-1.4222934729080392
-1.3607667334748075,-3.792114938776526
-0.3113289663449539,-0.5227772646471829
-2.5937203287157082,-6.005742937064197
0.20845293642421447,0.636606524432312
-1.6810724705476476,-1.2599094684687897
-1.9866984105155443,-4.565695909875928
-0.9028102771689976,-0.9469880941884222
1.3665224574346233,1.3951388131882
-0.8644943077150797,-1.5014717303713214
1.5241578971484193,4.512164465329332
2.8728628640828964,3.5962328208436185
2.663398747886723,6.638769481062264
-1.6741903198453536,-0.3752650666278372
2.5833516531745424,3.334821774441878
2.1810464141498827,3.7126408990745112
-2.830430230491759,-5.1217349497320575
2.828270246995854,4.296751930119163
2.7458869610173915,5.360871359811595
1.4516430024853975,2.1025777858494235
0.6207659937334427,1.1646532735260955
2.9405611329042474,3.0771889445907976
-1.827817636490649,-3.8839396301249893
1.6488933291252614,2.0558902820637863
2.4256545368250713,3.9031017557854364
-0.0007950054999961154,0.26118555118750286
-1.2112911568369686,-1.969930642173955
-0.33103695861649385,-0.32558094343940797
2.831973456081018,2.4947864041188565
1.4551356804222388,3.1242644442016707
0.28166904814963223,0.28544214916173605
-2.3385046808274352,-3.8349071516499325
1.1501641675095016,1.7956352061116492
-1.4127839721970534,-2.6698024543952013
2.932843421073894,2.258794965149575
0.10218572320082586,0.2769377943528367
0.6861076170697737,1.595160078301341
2.9959501166462106,1.8638644497067887
1.5165285738833862,2.5708910971470957
-0.08155369780718136,-0.059673953846048775
0.3062298463801896,0.3276180813912418
2.42874234835487,3.0664255221846743
2.6205004731097095,5.857553876892442
-0.09531730778156478,0.4190571695997508
-0.9146257841922165,-0.3865876908318244
1.6895761323330118,3.2109202907850674
-2.0444260295147596,-1.3579863443119287
-0.614568201581319,-0.6442045209217035
-2.871346231531562,-5.5974398974131505
2.030902966350168,3.5822616033069536
-2.7077700305870884,-6.489700703030222
0.2770941675302545,0.1479212843725577
2.965295450179208,6.332348984048311
-1.040514289911606,-1.708711786593559
1.8192988463610478,1.6706168272228166
-2.1905489085847933,-4.186510900635123
-2.2235788513738273,-5.198297504068224
-1.6417655917241951,-2.0723738484948893
1.8132601888891289,2.176571483769312
0.7590940070667092,0.9804097530018058
1.988992003524336,3.565051227828067
-1.286122856287086,-1.5956808185855538
-1.9514705191526809,-4.55046870872015
0.28378790430406564,-0.0005122677685915344
-2.791075430148247,-4.316233997419836
-0.0759058218833144,0.04600748613854991
2.7523713605363094,2.8913465016178046
0.8920930155918478,0.9490970575919411
0.0364926996223609,0.08609225401992017
-1.8229209584037236,-2.5747121975285587
-0.24330483200131425,-0.3826221503429631
0.3012220147281761,0.5981735228223676
0.010008745034173039,-0.17174129377327424
0.2741396829273506,0.9630961914679171
2.7992662752882627,3.6354909464532543
-1.839564408149128,-0.5681514121535858
-0.610744301566517,-2.148946300771786
-2.108965569334684,-5.645842580817456
-0.529985702714197,-0.8379532922401702
-2.4244719609637606,-1.980490423560487
-0.8723129933621179,-1.1395836758324502
-0.6776828417444447,-1.0818545288716992
1.363463797597385,2.3355367923404624
2.4837391661436907,3.6900371012673183
0.03741401658020571,0.4926707428943751
1.6571350565306409,1.8709443917555943
-0.5635265124511886,-0.15945934612672719
-1.3041031854498835,-2.683391454818779
-2.0997769625279825,-3.578956784239877
-0.6349345275244116,-1.5164624858371456
1.5481784973242458,3.284965213331537
0.6029135724897929,1.5856704710245877
-1.6906178333912794,-2.7471243656376707
1.4865872307425594,2.825429148158231
-2.4680692995526803,-3.4872828979539054
-2.0640241256423595,-2.2414088099882616
-1.9111052081435072,-1.2740973376994738
1.1010020452070775,0.6680592673974622
-1.296257177576027,-2.976966573155084
2.292501668948238,2.5707034029577662
-2.4483685428361754,-4.407169951885015
2.6200299262417293,4.3021817149905095
-2.969964960274975,-4.432187172858908
2.5040219533924777,3.4151717047455987
-2.2164256187621403,-3.4378503140888323
-2.859620827045859,-3.8642462859575897
-1.3878986256829189,-2.8738091410640223
-0.9809374682571619,-3.1405881427265276
1.412080647843072,1.169648752021858
2.38945418809789,5.394969844421201
-0.6853847842162919,-2.610833946564134
-1.491927245210689,-0.9959912195655951
-1.3185643951883843,-2.5399768245747785
2.2547838637655087,4.704414902461529
-2.67594877705315,-5.8578714150309334
-0.3934498925208443,-1.6833944564936212
-1.6761672887430754,-3.549447707490271
-0.8586341808811966,-1.382284684824625
-1.4338563417677046,-1.7403950153279677
1.6855402220263667,0.8160233911789438
-1.486387544520122,-1.8177332760958045
2.4040338593691857,3.6511460966060176
1.2389547275589283,1.2762040013578808
-1.2439009519909416,-1.755299607680293
-2.607468743853646,-3.7532715264697223
-1.9672224650099641,-2.2237556975001054
0.12444516666424121,0.2418378576112225
1.9554760174307662,3.077932650085654
-0.6972585441568127,0.17716917546271826
-0.5971947739432171,-1.981897226716149
2.489685707480513,1.5276189166924459
-0.439268380495371,-0.15361061264143006
-1.9789186143168405,-5.00271742389066
-1.9040631545631472,-1.6524765454763968
2.100621554608983,3.617578443363815
-0.12059520514843047,-0.5369793621886403
1.7018368747734929,3.762191424283075
0.4348058856544714,1.1999330503276955
-1.7404151638237508,-2.571732063068483
-1.5070775504328686,-2.3697839255598776
-2.1784350154835566,-1.3121924103616278
-2.3943477204912638,-6.371280690790705
0.6675161640141969,1.418565316526768
1.7428033670725736,0.8183156441640143
1.1111273211563057,2.1698361854991193
2.4209502112634507,3.4179859096318967
2.439088526449776,3.601940334809569
2.675711307589994,6.986206715613031
1.6165563969987176,0.5929684635941381
-0.131840975051428,0.002843759377782501
-0.9129627493316725,-1.4226853648227809
-2.5271371841490415,-3.6191587918236316
2.6156979350117098,5.442421893218022
-1.287291686206679,-1.1455154221184967
-2.0760967511699575,-2.213515386769866
-2.4907882589349395,-5.211100761759956
-1.5322437215084115,-1.6068187140603727
2.1252922043941584,4.310307350270478
2.6945578910225523,4.9559493138443464
-1.4990303519433867,-1.5536711521295161
2.0344668471228458,3.1891287531834434
0.5285881148894456,0.19204343801975543
-1.2631191390413858,-2.2822971612700393
-1.236693594550347,-2.294607185864493
-0.6055270599955991,-0.8918635687526116
-2.142006868091566,-3.8037817960544413
0.8988048828381761,2.6835679582610172
-2.7972991378380456,-3.3403997840489463
2.342961930114787,3.421745937515782
1.5436206490346382,2.634696171159873
-0.9380693791871293,-1.0827300914009266
-0.03070329181958087,0.42808038373160656
-0.5108163198648246,-0.5371480134889092
2.711452751618432,3.334195780394074
-0.05535241053916584,-0.3215869256206424
2.6830217192412054,4.440637169587787
1.6846736383074008,5.012490561510074
1.655365426877344,2.298751611927651
1.2546696100311685,0.9936722487108939
1.0586763805281887,2.417958093863816
-0.6202567605069489,-0.8607410908209814
-2.389546117037658,-6.248036495355659
0.021492147127937677,0.0769015918776315
1.6985710234329545,3.9394205839322263
-2.2610373091618126,-6.660034352626231
-0.1611929198933968,-0.028516129543920188
-1.4760160623835912,-3.572097542818411
-0.2847050629961809,-0.5024408217883027
-1.7807028269537821,-3.271787982349012
1.0640345441528982,2.5281537829642367
0.8731918583640219,2.032493304239817
-0.4232981543318797,-1.2495085343679868
-1.4904366346489848,-4.413668693077323
-1.3266913570564935,-3.4981827146835385
-1.8156716754950397,-2.174781839595253
2.798953662917535,-0.09061227887068224
-1.6200185023243894,-3.1847813395802467
-0.44512451141824627,-0.23310503839064461
0.011237737389071967,0.1406562691573583
1.0257026554088222,0.15505299045495047
1.507585481032212,2.4802472544838015
-0.6876877706338274,-1.6181534927419223
0.10309870546698319,-0.014463892566285136
2.401316175212232,2.663228901695136
-2.3105622019011873,-4.186967701795675
-0.3486401037499389,-0.5582309482466952
-1.8638416310263561,-3.76736026672366
-2.723350956746463,-5.363658606882099
-2.070203285577214,-1.8181029924376437
-1.5060249403360437,-2.2541488482063983
0.38187447860545554,0.10480114114873246
1.6008202069421706,2.5188305367224983
2.6444447193152616,1.3106023011410683
2.7488947180047605,4.334842413025028
2.2727677022112394,4.285054661957656
0.09020158411848112,0.3403414408233287
-0.456459537306908,-0.48468910835502876
-0.29913811228992104,-0.8593529574823755
2.7916363598382343,3.126663155270135
0.5363525290167179,1.3991349588518425
1.4715848963179168,1.866738831760737
-2.6102062392295924,-4.068322153455439
2.8431113052200647,5.556135263172737
0.12374208953638721,0.5991330058639313
0.6159830107509965,0.8806329360804722
1.8471534943722219,2.2602940180879663
-2.493048753273674,-0.5261222153282441
-2.9242737401520222,-0.5426528459879392
2.7322117646796356,4.1671526882483345
-1.720068912108005,-2.5564791391606456
-2.365322432892386,-2.078631484339969
2.6142614805149957,4.695817885712856
-0.7480903467511135,-1.103721446250173
2.1261798670426897,4.27806291897426
2.5874615706685775,2.747451122193895
-1.8211749538010298,-1.292347157470391
-2.584693965119163,-2.715202767796124
-2.7644083043644665,-3.303847737848243
-1.3419004981828324,-2.1211463755933218
-1.9303847890688393,-3.73933353701402
2.4092058594517356,0.7088929976727161
2.5724807935098806,0.7852156277875268
-0.3481311349738414,-1.206048579791311
-0.8835263419353527,-0.43241617170294344
-0.5523927288971064,-1.177969101629299
2.0025084784197684,1.3086614634060156
-2.1314501191016184,-3.331009872694856
-2.095108457136838,-4.5275832119850685
-1.3198444741314534,-2.369318804393577
0.4970009448232702,1.022239951216453
1.2738873876203574,1.5932851310958274
2.9429850836962608,3.769017503564444
-2.7549760209418688,-4.170228970335494
-0.8587434948072312,-2.2883089991233962
-1.1525701136657422,-1.4711109447693063
-2.7469814643972432,-1.4845393785282037
1.7512716561434338,2.168570877152822
-0.4445768654493021,-0.6209335293090631
0.684951598583202,0.5161213456528271
-0.28647323404572855,-0.6980330797553049
-0.8032753906180372,-0.5341697594229133
-2.174534821528929,-3.019691124384809
2.3457682637638735,4.5838262533493594
-2.2835526267746094,-3.0058800343721255
0.47103267252459613,0.6308789982563341
2.856868996010977,6.606844638838459
-1.280531214012463,-3.6498217176167396
-0.13589005816924082,-0.43141515046090834
1.4738743784908719,1.7989989988856108
-1.4596085608074574,-2.140637833528282
-1.649236409991845,-2.8283659294750447
-2.3358031718774948,-3.1686952421262493
-2.863933668116182,-1.6690297102327771
-1.303910456599797,-3.0865700939220746
1.0750157526829653,2.9000459185580643
-2.5491549425446465,-4.200348274862615
1.6068286693980625,2.6356317264475395
-0.4361108930816999,-0.642988785497021
0.32385407036031744,0.5957719491638434
-1.1268945943728972,-0.6363406889355014
0.955474499350287,0.5450333601311053
1.5363482788520413,1.4984820816882491
-2.489302188275286,-2.6718624932604547
2.3262402926992465,2.2102285539494524
0.5294376789451372,-0.17331529688319458
0.8970203929110321,1.8224022309058072
0.16022998642625108,0.012012135102837218
-2.4399276627335382,-2.1959481125215703
-0.32541000223968064,-0.6653944310019895
-1.9401158658106927,-1.3541635412294888
0.06524051981072265,0.15872985217983598
2.40800685455927,2.4635353071868464
-0.17274206569971318,-0.6310797676276423
-1.7451885201415005,-2.9079171458954716
0.031586093095870904,0.0595910379209619
-0.9736539272995062,-1.9634877731971911
2.572369308059959,1.6045394421685764
-0.44316376777133915,-0.7713740110472418
1.781681590158093,4.622389457108929
-0.10922387444778536,-0.09798445839491199
-1.5834777498361914,-3.1197515589615987
0.979514757592626,1.5846287539159867
-2.8867708953430173,-3.1140143780808307
1.8987772064239632,1.6074179431443585
2.352207602449651,3.1135009347974925
0.28586820474640895,0.3741308820532999
-1.5146608553326848,-2.717338293471462
-1.9540663680767196,-4.623407669556737
1.328874016555587,2.6528412617629065
-1.7134941680727327,-5.1565345593762135
0.06609209121787485,-0.058869222424524414
2.177585028105754,2.171735997283652
1.5844036570735796,1.7332458692270798
-2.911880032018064,-1.5253058638306225
1.221111714631201,1.543454467308847
-2.9283313152083483,-2.3070988917250443
-1.0554388007510664,-1.4719062565518752
-0.7540209689963868,-0.8389869953345217
-0.16823542484926612,-0.3413841138791899
0.9289032319233659,1.941020245535313
2.9462601719955934,3.2074535226953156
-1.9377500263133243,-3.512953126508947
1.0273556298840036,1.1164204088792409
-1.9107987079906745,-4.274196059575393
-1.0055326618644096,-1.5254389586117352
1.8847688889776135,3.98219730452334
-2.5699345739920787,-4.444189766741154
-2.8805833007807395,-5.8612241532103155
-0.8379120320849247,0.11343503796397991
-0.3618039765110699,-0.7053059681942704
-0.5290917829090995,-0.4152593117979594
0.5200382267949459,0.7824691733366901
1.4089211064185543,3.238077657536267
0.8565779963753752,1.2480152565907676
1.4296308434299787,2.093068896953312
0.11980504029581329,0.16403363843147376
-0.3491329827083769,-0.6281437775665095
-2.2145450902099313,-3.227040668217239
2.9138609976358953,2.8702128083748213
0.9402631079407255,1.789149169622772
-1.6188015027879137,0.7495237790986153
1.1241741995143038,0.8688482236763471
0.22587626346107026,0.4448640982465639
-0.5764297111775942,-0.855896976595989
0.6905610970000113,0.34040093547033023
-1.6636540421484256,-1.5596821644122436
2.8299039306211755,3.4030491035808677
-0.3732090124795677,-0.8514197498248399
0.4302359370764459,1.2718679871278793
-2.3827822985493095,-4.130300004904578
2.277170895498963,5.244213032538329
1.0824229535481944,2.0825635308106643
-2.403621169781375,-3.449389030872264
-0.4340341733514608,-0.3580476366290711
-1.435540208001283,-1.3190356420100398
-0.09579346318108684,-0.18880189510380146
-0.5017096054910226,-0.9370031844286083
1.6603020696555486,3.5163239227443945
0.40665480999438897,1.8435536712273055
-0.3525969175773138,-1.1961342316614965
-1.9553129397997335,-4.464041662679059
2.6725118680786224,2.2716106913092116
-1.1804316785212408,-2.065360958294369
-2.627462709081038,-5.672863892999135
-1.2205191130628352,-1.260121179002181
-1.8986812235198154,-4.787018719397092
-0.7973772507060448,-1.4860404299649295
1.903371852195738,2.190180228513493
-0.7307385573839706,-0.4611621121630418
-0.2486850939608587,-0.39006362256699767
1.7712626549876553,0.9661319740897218
0.051796280170464115,0.14621036350196498
1.3495419953080114,1.0889728209916538
-0.10451308198862375,-0.47004832996423995
-0.9312097163307405,-0.5555866435223666
0.018819290027572322,-0.06286538670059875
2.8709440126717958,5.2495807096474785
-2.353022770537849,-4.297213535299963
2.315361195972099,3.8648274688106774
0.7541553958608063,2.0439528527269584
2.808446325922781,4.567902249998273
-1.5014042102641845,-2.64905913487978
-0.7108072695447119,-1.8917502256084442
-2.342340267574564,-2.0855340490939134
-2.6853376033623353,-3.15698755546225
-0.21271898678319223,-0.21269942039662904
-2.462382827617442,-3.827884032133179
0.6154695372555352,1.5628007566389854
0.38304230485973,0.38625780465136395
2.6719455454047027,5.001380098287565
2.4686713014421056,6.758195329052716
-1.230255065021808,-1.7698714456530993
2.5454526060566423,3.235891705529961
-2.6726790078996907,-5.010305964443746
1.3974401646436725,1.5062258205640502
0.4826194896794034,0.7418583011683586
-0.869851941533172,-0.11038405320734235
1.9292248832257561,3.481404682247306
-0.8795085338097497,-1.1706516228143549
0.18227031257605653,0.3183365596125151
1.1119076093419693,0.3230599980988933
-1.3933895156734915,-2.1904535651105315
-2.3013234569058945,-4.916454372646867
1.1694100755044392,3.111216888034844
-1.885737895199849,-3.990006804441885
-1.7266053823568732,-4.23976433326352
-1.8000347144815736,-4.904453197909211
1.484312977499326,1.3819634929831601
-1.112414980700371,-4.18810977231429
1.4435346382246363,2.3641256462422406
0.40482281097618156,0.7112883384105467
0.04263673750829522,-0.18178190323627402
2.42466504673422,5.0644159454674815
0.4679417278223359,0.6213517111285033
-1.5801886802286729,-2.5463636816735953
2.901587470118411,6.035965705232375
-1.1385522231717728,-0.7088424064691987
-0.15686230678594892,-0.5346817148539373
-0.7403010348230481,-2.0371900845055357
1.4351539910652313,1.7496619643489213
-0.21395829838993574,0.18801939364522147
-0.8996300951789333,-1.9218242180488647
0.8838764382907405,2.0329468017322303
-0.04633390289284289,-0.29137538010822933
-2.8947120566054947,-4.639692006240107
0.8695042617945767,0.8894202665324866
-2.0454570248762964,-2.480248842572265
2.7632798608732863,4.420048027053859
1.465908047809421,1.233085514071519
-0.7583993979760812,-1.454042031229477
-2.638814200145407,-5.859871695740812
-1.0339122952624462,-1.3622907521763885
0.9085382641523703,0.6048576007120025
2.391884406128458,3.7438962937963094
1.4859971812504895,2.662605463995386
1.620950569285955,3.2049269892013292
-2.217950353489699,-2.2963585819726573
-1.6238326554340659,-2.041257475762763
1.7426579818687848,1.2665358219437644
-0.741796254391164,-1.6720882075952916
2.1503535381424443,1.9266015956966238
-2.75759058167478,-4.257103924907606
0.7020190867092948,1.7307004451035621
0.05349450622153906,-0.08162103823435582
1.8290029897028308,2.342641722490177
-1.9828153358805496,-1.3059910305780598
-1.8115016011395553,-4.480782404529505
-0.04386779137390384,0.2784298020303738
0.6254345665340262,1.2960213496453978
-2.025166806486487,-4.0288958439074545
2.437858656104443,3.0896741951345454
2.05853119393885,5.523902069102715
-2.2462122987211304,-4.143517068537414
2.0972344004903487,4.190948098965529
2.4869202834746726,7.181980533222572
-1.5329905069259189,-2.3464783939852905
2.1876445640310855,3.2670980797951077
0.37847829713615555,1.511621625570404
1.8143754072026193,1.3188107998677137
0.6152028133491063,0.9122081797103748
-1.2116112037190716,-1.4224743533936792
1.1535240366715405,0.35378551089568244
1.1979151295645325,0.7293080918008708
1.3269833779403992,1.421616673703333
1.5606189339158503,2.804761567698329
0.8780176668415862,0.964789274652178
-0.3955600288690677,-0.6314476086345744
-1.0050434051008108,-0.8799346755451228
2.4576147842597313,4.693530026498052
1.8842399553850946,0.09894325825758576
2.0112044465460226,3.273109830974153
-2.45229951328948,-2.7617410113998835
-0.561109973600932,-0.8854729323341126
-0.8743716746211572,-0.9307883482963359
2.254955385451737,4.577453582963107
-1.0119127884113084,-1.2559123345172445
2.6422386923305083,3.7917116089676823
1.8582318075006876,3.118210826781992
2.2119559051359117,-0.23592822183687323
-2.361426723803414,-1.2608165435424268
2.8552791573081233,6.814251517573483
-0.7809769409603797,-0.33432636501248414
-2.518467274841832,-3.558393872472325
0.7411737584475513,1.480242114745781
2.1875304027242652,3.4932631809408297
1.3681078549814494,2.381499621009743
1.231715453249354,3.132138778095367
2.647018633708937,0.8048508919057848
2.8035026462858843,5.031952143854983
1.94335445133063,1.7763464578598813
1.7042637755256411,1.1479489211717122
-0.8971353599841931,-1.439417285413627
-0.22389725542481287,-0.7546917174908561
0.17951297271388889,-0.1168053992675247
-0.1256181301329944,-0.6459548825215182
1.8421437211405047,2.1340221170110247
2.959256095301778,5.489409959324499
-1.765793970475002,-1.609132931784567
1.7324289696843014,5.050220442407277
0.6663155170965833,0.7566590576039791
1.3597953044952646,2.8500778263991458
0.0035492975767459356,0.04172924941752166
1.1765667068775274,1.901552113614644
0.7521196481031716,1.3715990964010647
0.9344261485424239,2.0110711452750696
2.705786994540495,4.930503864601729
-2.7252326416113255,-4.814310065097004
-1.223871308903172,-1.2896077888664066
0.8664957937071658,0.8468399948019486
-0.7065268079108131,-0.6934080928331213
-0.3004298841186519,-0.4064260737659281
-0.43922764016004967,-1.5250140728111057
1.6692207838267699,2.3375337580784903
-2.658202392198546,-2.314845175142101
-0.3004752899861103,-0.4988110408805101
1.00161085612838,1.6858174341743748
-0.5438264081655397,-1.067681500861051
-2.6101839739075205,-4.399203582251873
2.6987340629635517,5.7737570006615675
-0.7259492414509254,-1.3628042643873381
2.6419168179523993,1.9083369900726628
2.5284180749083793,0.049085403368299474
-2.18044740730165,-4.4193391291264765
0.8281011056655077,0.47648574413602984
-1.2788985391668712,-3.3559980085125996
-1.7641836001623696,-3.997237137149696
0.3690888714617122,0.13619615843200872
0.21837920495784857,-0.022618871414598063
2.3084215687260166,5.655062177567872
1.0623699047935578,0.21172257534557604
1.4002922094746095,2.701354805138289
1.7454705489791902,3.2858978280154263
-2.5943325914237576,-2.811380250756228
-0.8241736096558805,-1.269416069404789
0.6680247301551905,1.7623579531641116
1.6556080075480502,2.4841369362164207
1.8348460741686692,2.4777619678228513
2.228631511094262,5.135537049411175
1.0495693629825942,1.430213149030997
-2.1536658689145023,-5.604326780423481
-1.3349119351291472,-1.5009212323345238
0.6413427865451489,1.5964503575975058
0.7878565102472397,1.3788576301779303
-2.965655187576404,-5.165169273612999
-0.0244148742779573,0.019475480449954258
2.8696070144427033,5.616759217092147
-2.645357879152227,-5.813234554826673
-0.7885310383521045,-2.5565594716023683
0.5226349178770349,0.7135406007758646
2.62209000079113,5.772805209736226
-2.552006766713804,-5.795316398673019
2.017512426244326,1.2202388286077976
-1.1498494054675563,-1.544607009640962
-1.2071655556351566,-2.025439107499184
-1.3679743526865795,-2.758964347835982
2.31615927736435,5.323483288364969
-2.0057619536283697,-3.9509001026364845
-2.563572654623634,-3.221753707454702
1.7765937892725088,3.7277445104098987
2.23646772239084,3.034439721407865
-1.45773886903076,-1.281961004092225
2.8391424915468866,5.53051450490977
2.5958594114731186,4.216247353829213
-2.2721192746768697,-3.9939144239859807
-2.066276479132096,-1.0385018210517303
-0.7229319043253621,-0.5094009664175025
1.0335464179209461,2.156120495314713
-2.955752780005165,-4.3199170676445755
0.6730212457860061,0.6838943664870532
2.1355062555963675,0.3372848835187101
-0.13140485648040467,-0.05104007928489798
-2.5186562584215473,-4.348140206536819
-1.860083097325708,-2.498821738696744
0.6934955843456021,2.5602614415301104
0.7007888750585929,1.8271727367488468
-2.126769441879842,-2.529462264801431
0.7488178763418429,1.0577607828428244
-1.1549122227282542,-1.0351832778856827
-2.3826050815356394,-2.098607491531692
0.3325462129419452,0.34406616643825055
1.105307410844575,1.432106945151812
-1.4251369901794357,-1.8901235913730938
1.656000302260976,1.5808736858375991
-2.614971591118025,-5.136994137554446
-1.3834214122519883,-3.2364866712539238
-0.3302062617743733,0.198236245928889
-0.1028093100072911,-0.5071062483578723
0.7084313432394547,0.24257041851102545
-1.121076287618157,-3.6733522725004297
-2.026735951059478,-2.1642296468780686
2.8070753677267497,2.4261515074231084
-2.306250133273325,-2.2597445145069246
-2.965728522311953,-4.545320649286459
0.2583221664857618,0.8392486799038508
-2.0821304556246414,-4.3554178106110815
0.9662290917675298,1.4951953974445071
0.9448849971824904,2.269602938591143
0.018075490812266892,0.2832748879399963
-0.9785273288813334,-0.6127329178891309
1.1350229343475657,2.1908995349448857
0.5530783249585465,0.8160082834537268
-1.3282890815987511,-1.4100374646260785
-2.3143858723116457,-5.552069985419649
-2.2061951339427144,-3.8843811824437795
0.42820133160138774,1.2867332133198621
-0.27675336129722306,-0.0773908448320002
1.0590365445700645,0.5695109194358201
-2.729150576235023,-3.446870404501268
2.828612972227731,2.532037598515587
0.3435760122552107,0.39973988626403006
-1.7273372388529529,-0.7591127644851432
-1.7795188175316268,-4.976012104315526
2.2526398819388262,1.3967446326019861
-2.498925650360899,-3.4914876041882668
-2.3556151999045114,-2.7756938452510846
1.6870872316330114,2.1655901699011038
2.684416539943193,6.124413482667558
-0.35499431405767545,-0.6269602868283368
-2.4191298161247516,-3.1804677671665433
1.1359497064081792,1.7549040947687404
-1.3679484366410286,-2.3123940970585912
2.695260436237427,5.399949977659241
2.4079308222936477,2.283808993951188
2.2768460397101933,5.440309042075576
-2.9829189403237892,-2.5540341625076812
2.6379010175415765,5.705166185025823
1.1075103563248145,3.6339506880637007
-2.7088354198371585,-3.2939032442464953
1.3101752474659136,2.087687252739081
2.5196907290569888,4.581015741412602
-0.93227975421348,-1.7103688865075741
1.0753531246169956,1.5407287891297514
-1.0053599911158368,-2.176023498278211
0.9328459376688798,2.4319665350605675
0.16148415396711302,-0.05630380396083212
-2.2246769636769437,-4.591846970952214
-2.955153554203675,-4.851527943012311
1.5845477208477252,1.1079859277763342
-1.6696436240251242,-3.2866252014534654
-0.5446252472209254,-1.0038574897533594
2.362629911528396,4.831012547153437
2.0787324105296943,1.0237001448130432
0.8249522454519611,0.8751118949213237
-1.3390161409055878,-1.707428565764294
-2.2524758936876914,-2.602060556886912
-1.9265592754961645,0.627676794410212
2.6938656267386047,6.69822696643893
0.7841718453776476,2.2840339109478514
-0.5194877901583901,-1.5648081319173808
2.6671085534340104,4.603701036152223
0.19775468061152957,0.49705022650453584
-0.5835371841603845,-1.5479082257632253
-2.244133992686066,-3.731059506900225
-2.492657347281784,-2.362702640255889
1.018707567026766,2.23315824212987
-2.6684888202810266,-1.7045750610381813
-2.507744563349968,-3.5360467282160526
2.768974246413684,3.1481401040365116
0.5587544392496353,1.163316887748647
2.365556277863904,3.877553208542093
-1.9833640267143144,-2.3218579146764613
2.7008882280477406,0.6646961371197655
1.2417368799097348,1.869348236012546
-1.1066658233382813,-1.2901917093039312
2.4336193498211376,3.6602266692737264
-2.372181803611986,-3.769122744085658
2.36866878772394,3.3402555366092557
0.9661240927872949,0.7672525221675249
0.05152849060764009,0.2765828271792735
2.282732338406248,2.963670433327937
-2.9182187235357553,-9.275777694089873
0.3380429171163444,0.2610928984111598
0.04762098607348042,-0.10320405833287483
-2.0689391554813543,-3.571830259973141
-1.442802185822949,-2.853964586482747
-1.8952523353104858,-2.989345464839005
-1.5215786030293277,-2.0623585396344333
1.223015849838581,1.0954179540537203
2.790320883753652,4.283013551982068
0.8992864830920304,1.8403872484677368
0.31204924595943506,0.33006176502120516
-0.045276632495974134,0.08191442165615043
-2.1603534162729794,-1.2604172284769635
1.5017190519055985,1.214781862484576
2.470780893171379,4.203446640875138
-0.7606995875965508,0.19519122837505432
-2.3021860148986346,-3.0730219223632353
1.1897331881383622,1.029485150321774
1.4757443854903496,2.7440463335708243
-2.1488782605557044,-3.4735425307572054
-1.5518219843666314,-3.7598804242486836
-0.9599100380769334,-1.5714684485775203
-1.0590590074940602,-2.545762169496915
-1.3458139001143172,-3.6738607666913508
0.5176937670261652,1.2195106053546243
2.1073810573970517,-0.26592645822129635
0.520016584261497,1.4952234557470043
-2.0365696254123167,-2.246320712018515
-2.152255973186369,-0.9993288447629549
2.8015315404131824,7.334845837278065
-2.9485370614061814,-2.209510736544966
2.6074427915606355,3.15576048953539
-0.2085586844394176,-0.5144213718541155
-2.965731752899563,-4.223743628950325
-1.5331415431531719,-1.1865706212205855
0.6967425257950444,2.2151627568696552
-1.7554615724411515,-3.892088847999357
2.5402587790960904,5.209635872337968
-2.8147481486122725,-4.146524230062125
-0.9695355092263309,-1.4212277257514756
-0.9269445871485047,-0.8986446133193198
1.2097956009513018,-0.5689895113961914
2.917964141440118,4.432676980011421
2.6983976384786885,1.7981738699799417
-0.4865935035706901,-0.36837707324671465
0.8230635159824855,1.451730370166656
2.512090920496939,6.660176628661658
1.500196854943538,3.8950838900319384
-2.091344430738295,-4.013713346959218
2.516318578878641,4.246922515430911
-0.30395693240670285,0.16079481407006446
-0.4590381246332136,-0.46025302879618263
-2.5960694677404725,-2.6205042749458203
2.1574118525251036,5.7075197419888815
2.48668933850805,6.260623567823586
2.370084598178206,3.916597050403783
-1.8372106371020613,-1.3167149642264018
-2.3434179092967655,-2.0076325374912782
-1.6661146119304153,-0.422022249031647
-1.4892179051861056,-2.072771481718396
-0.9859112310012081,-0.4394063611588377
0.06279716114732548,0.010806694240276499
2.9187415359652977,5.406081681218541
-0.7898510971656636,-0.5383177216882625
-1.660794328017775,-1.5841324480263177
-1.7616761005994892,-2.161619319313363
0.5546963390722821,0.8557400536164448
1.1331611368570487,2.3929323789907566
-0.23819688422818608,-0.1549024833610964
1.8891743116557702,3.076848720100822
-2.907738235204584,-2.906902128261061
0.6596104247479246,0.13915404844744506
0.633025184412026,1.2355697672869717
2.39314162074401,0.9085468232032383
-1.772845135276231,-3.6935261118402822
-0.7621711094563555,-0.8845126789774003
-0.03767109311341521,-0.054301635348331746
0.14369523702495357,-0.25166567844443105
-1.3048596590140344,-3.757250005368987
0.059819616320047064,0.021068520118911527
-2.02347453074973,-5.539977246435038
-0.7739755014483549,-2.0465423060812613
2.6660780423041928,2.9932763219809697
-1.8894550476635605,-1.6355811816224715
-2.1772482499297503,-4.998084841841101
-2.8196511578335826,-8.284324051884688
1.3925696429582617,3.48843701141754
0.716453111737887,1.6153568949256856
-1.789852600430911,-2.220423480683056
-0.5762374334516509,-0.8826133237433824
-1.8482499729856405,-0.03306070606316247
1.1918201265153696,2.082657254825759
-2.1732044961938937,-3.130557303749144
1.5324916332831107,2.100594365278547
-0.9604658409948428,-1.1021162026676135
-0.14751865371980966,-0.4320056490486165
1.8421643982521498,4.217853881122567
0.19040877713401283,0.6952930416172427
-0.6829751025689839,-0.24739027440202543
-0.7013085551057952,-1.0804357695254856
0.13714155580620613,0.3121099945955681
-2.013823792136719,-4.886545130786858
-1.3347334772729007,-3.256338281959884
0.3413026384235458,0.8239810793604727
-1.7807215028833336,-1.509901362513691
0.6796395444957755,-0.03989377405598993
-1.4562930437313384,-3.5632221870146568
0.8206465999810422,0.5863228380783627
-2.2586298147602384,-2.849418884285951
0.013449092715515754,-0.06940504440211144
1.5008040637614526,0.9705735042430164
-1.1076005250650434,-1.9328406528403592
1.5815914213454958,1.9934433346184313
-1.0178150091561045,-0.7903836249242078
1.6360607642049958,2.1397480987278437
2.2026790488859076,5.527866660434771
-2.7126116289015454,-7.805170097301563
-1.4135883881616294,-1.6411860947015686
2.802064885914774,8.152937125193713
-2.4384615329204298,-3.8830489662871965
-2.220567508389159,-3.7583212783206825
-2.9082528978582243,-5.65146910050125
-1.403849862397044,-3.6231285546869723
0.5376779197694281,1.3596399188135295
-1.467240983186903,-3.0538055434680222
2.8121338068961332,5.928557035071104
-0.2353975840616389,-0.21946610937483504
0.6733412719547895,1.407324424324054
-1.625698415204366,-3.548903504543807
0.7834806196004758,1.4048303014822088
-1.3667235530977802,-2.045391833874072
2.639690087997776,4.299710850463256
1.9252425450025124,-0.5182503494422446
-2.928653177681075,-3.3644399202055792
-0.5309358332308953,0.36153786766413476
-0.5106592055254611,-1.4121486225575843
0.26930743109834143,0.7461441267143084
1.8238162440727512,2.4308118798870533
2.2200622081068495,1.7415409140672016
0.4709626320000777,0.3673156721138538
1.182858115968596,3.1013630950411537
-1.2889713321248042,-1.6518900275343955
-2.4794866547525167,-3.9314628303894597
-2.9593748442574235,-7.547439469001477
-2.8625344727416424,-3.2388859497682745
1.3702606534438466,3.1589943911854874
-1.754893514335362,-2.2541299582136816
1.2482628100393516,0.7886321551836808
-2.4478141692774313,-2.792980128276161
1.8718460866438038,5.268832583380059
0.7527392282098448,1.0251853934252693
-0.7252503522232363,-0.42998714200109656
1.9370960294417898,2.603045094839656
1.1692085461422517,1.5924610034634932
2.007645926888814,3.29989528884315
1.2599787924861676,1.5450527397692924
-2.7020381372757614,-4.885210772189414
0.4110890529454281,0.6250393321474526
0.26009245185388874,0.7340781272073446
1.9318373353144,3.010905997667095
-1.9262473192431675,-2.9378805706711177
-1.6469692013000115,-2.2361880220019974
-2.426995247925478,-1.0137014805000542
-0.2911906291101958,-0.8054716768416728
-2.9693839706851426,-3.123232583782581
0.7156109629956235,1.6034445098039671
-2.0899095357577595,-3.37312091781782
-2.0927462787747078,-1.349629360575602
-2.4060250025247143,-2.065089175669983
-0.2562315273411975,-0.08832881934810483
-1.7064129584468695,-4.115511674206358
-2.7863579000729928,-5.181438210650302
-1.6730383594501206,-3.3128354063316223
1.3548412193468522,2.765572500639289
-2.967347357477399,-2.6646575010489846
-1.485914667555926,-2.5043295652485247
-1.6377278019068482,-2.7515363173368574
-1.4471594652910365,0.20244113119009022
-1.6768914666325858,-2.2725773642513296
-0.88182529346903,-0.9879953152054322
1.6072003528959424,2.1390916142083
0.8277873604198196,2.1704731898043415
-1.0283072529733432,-1.2041092083713578
1.2980958046048618,2.126334878764639
-0.9991882633106464,-1.318732803972972
-0.1592041917938798,-0.36030564651845504
0.6013957644368548,0.37353804520222855
0.3426748398523496,0.5175008708038549
-0.737716381502667,-0.10706102215780544
-1.4163405387640542,-2.4254778606230136
0.934131585532751,2.204462628616417
-0.6198586466710383,-1.152878515616073
0.48148518799214646,-0.19430572688874803
-0.5232052261212368,-1.052917222654067
1.750239729453007,0.5972364618284596
2.6373740098463676,5.291905045411745
2.661818108558329,0.699383852644921
-2.783166592324668,-4.0185366248451695
-0.1577041273624511,-0.45743587880236547
-0.8150210129142308,-1.6509178069636583
-2.45751278332293,-2.232275122983526
2.031467574886502,2.881210146114664
1.0067108391724329,1.486867785088491
0.41585104856898525,0.5822977240733417
2.520182174568866,3.1056585256452607
0.8589528783403417,0.7190719371614601
2.522137665137728,0.9288542302603213
1.021488356207998,1.8441949695069277
-2.531397438289819,-3.2785332384755907
-2.8938354288623813,-2.1232296462699245
2.2546618934037834,4.009346926291185
0.2131860101320342,0.17266680320514846
-1.0111894522062028,-1.644819639149905
0.6025804970418562,1.2261570599157483
-0.37893707524795195,-0.09733425859771833
-1.2276446716659544,-2.2160834923088397
-0.8966910905626477,-0.5267846846127988
0.7420580387648705,1.0658183010944493
0.8305754460599974,0.7847337772512712
2.597833060607833,2.776467400125365
1.7761773727728531,2.30536971257108
1.484080329677159,2.214673933279165
1.7579007664209492,4.081411697208006
-2.897902526210734,-0.6834138779073542
2.883108185574593,3.9159524350540127
2.7441706536577932,1.5675751076825133
-1.6090832414613079,-3.1009071601259475
2.0494990041585854,2.6467203345921892
-0.7242226260268323,-0.9081946155064387
1.2981300549107724,0.19144636573596308
-1.412365194359043,-1.0097679400120736
2.649205963262797,2.3683473733091103
2.3780954917308588,4.069557374164708
1.8964665350427206,2.6831669215466074
-2.648639834373849,-5.164785610015663
-2.586560561404078,-1.5268626504557918
0.16977608767728558,0.11951415707668644
2.2770034478088856,1.9230681337839715
-1.6807427592691428,-1.8750879012134518
-2.2189238278645815,-1.9779122337613142
-0.2506989252505196,-0.4446718413463421
2.6027726755588905,4.230865589879256
2.6689155110905407,5.7394894954176205
2.5860369854188487,3.514341487261415
0.055326193662229795,0.026013421768145063
2.625119149349226,5.337943499473066
2.889673497044317,4.051069131279704
2.45937480271356,2.3972562122510355
-0.37670693183516235,-0.5657100136466447
-1.4964806639518984,-3.2987636147077737
1.5110187969787727,2.1943298063203214
-1.4240731647611886,-1.1134653870634545
-0.8805261405042928,-2.2068512622411447
0.22228594283036118,0.319277838155815
2.171283994822117,4.155911800741417
-0.11939365876102936,-0.19470402557752792
-2.528597214554856,-1.3974742715336714
0.4792933480461663,0.747714038501244
-2.5341715799740094,-3.125993281941838
-1.5757188510644324,-0.7747795067282297
-2.3342873321967073,-2.670768814104423
0.4784118460426683,0.7106889430130315
-1.5230535629337645,-2.7616726176350355
0.6928678482443491,0.9470285976014128
0.9715597067413189,1.7282341386555733
-0.1466521805240788,-0.44148668814575026
-2.988348285318523,-1.8531295133918921
-2.8154806927276974,0.13139376728246877
-0.1088131737584197,-0.1598388378092375
-1.7396052576954333,-4.734287130976177
-0.1058641962209621,0.04665817099899969
0.46016588572874184,0.7427169924440415
-0.20171375738401975,-0.08718973513418235
0.22671669745213263,0.33023496541033454
2.797766640419975,5.987949517382497
0.793474063576391,0.7073785003794749
-1.820190950269543,-2.1849179736235476
-2.027489805726841,-2.5826144520825207
2.7068852599651967,4.803988946194495
2.8828164933969402,5.846473649311524
-0.25028504739991586,-0.05125275093070131
2.1692363251287192,1.558543688418874
0.8237133650177606,1.792362061016917
-2.735115291834587,-3.754897454478723
1.6382908066635178,2.233066291919554
-0.7837297976165427,-0.9830141347920023
0.46429677321765705,0.8127176374467487
2.3415615670290677,3.6741195486644047
0.16056263555207995,-0.2802167744474272
0.5137489463912539,0.8427487095094802
1.8458358679508482,2.511076507454519
1.8371263734097614,3.208099511583162
0.7737470654754759,1.1261432372533853
-2.7736501995011977,-0.19310316554285345
2.2458937169734643,3.0633551775843357
0.7456518756898367,0.13140499002848394
0.2689579605125436,0.36833439625458286
2.0907037343590487,2.489720761621748
-0.7402454317272293,-0.9761819436767726
-2.408587051583313,-4.352020191092137
-1.4604121092830806,-1.5079034134672513
2.4752214882234105,3.690593347993038
1.7422250212633195,3.0546783928960024
-0.05895641787020578,0.25828870536773174
1.9260283811006937,2.98070913611159
2.228661078586314,1.293519074546801
1.8001318122319852,2.086082868658279
2.9770379932997413,1.729670977190641
2.754808697947766,3.0398832098632846
0.37139183354241556,-0.9289043877307253
1.0084332165609364,2.187980340297305
2.941354306176522,1.4953933558971464
2.4453901082093115,4.870629891122242
-0.11254508602223368,-0.34041564805188784
-1.6560123701238514,-2.8071159208411762
-2.0005931155831695,-0.7229800045447248
-2.1633265407045856,-3.713579258671672
-2.882050294245656,-6.199200219789307
1.510698123161955,1.7119228241061175
0.19684037068416682,-0.10052227511903705
-0.2758335580062261,-0.10316272390670927
-2.991958095028859,-3.3895847693503476
-0.15547541817958033,-0.3213344144191552
-2.9115309256713116,-2.872355027453279
1.140149150489255,2.2388525099562204
2.918029756772542,3.838081434876052
2.3419111980752954,3.903937614422083
-1.841696582608346,-3.0734823115576297
0.8392543218851802,0.7942370380101953
-1.4005677037244897,-4.758077469838872
0.24619459212638617,0.26891785281614544
-0.24506145085468933,-0.3732065023944047
-1.454428200040342,-3.687775734934669
0.23750142193752755,0.6405195155522933
1.0676929494358172,1.4014554639109535
1.116243932162658,2.0272727029065685
-1.9056698381286408,-2.5117059262835526
-2.8771839385757927,-4.561136274772046
1.7763112130169825,1.9134694374546015
0.9600965933620413,0.8708945979235214
-0.27539398657207803,-1.040585175319385
0.8023234211376602,2.1853824601728498
2.313363420816417,3.950774841706027
-0.8091252973882845,-1.8952532964905981
-0.32092852803204464,-0.2692762532058397
0.13499408575113048,-0.13046632362893373
1.1196625543719954,2.1823014355272154
-0.04553217475509008,0.02410318311311742
1.282881438608034,1.2696943705628259
-1.355864718333305,-3.664957294272069
-2.268251047871951,-4.224525569367568
-2.6224910272643265,-3.8011834097780963
-2.502829036674324,-6.467219946057835
-2.870860042043017,-5.6956919035505305
2.891161797346477,6.807422188357055
1.5489838418146098,2.2098617530486755
0.22724267172437163,1.220949780805059
-1.4271595568352369,-1.7086065747560668
1.3826524562595361,1.8472539157409884
2.9768353739928983,2.6244123967054396
-0.8303312974723625,-2.063602011001384
-0.7119665079431856,-0.9902670583544614
2.10563311659636,2.4141970177810497
-0.6841184882319746,-1.2389015807429118
2.2749991306623603,3.6634829885618063
-1.9784314143487902,-3.949839052639012
2.4819701712983715,5.135850513941884
-2.183343658578895,-2.8920780280065195
1.412137840397767,1.4758617954619218
-1.0941389924100775,-1.4609520139003669
1.859290430212603,-0.24915670676922685
-1.9862954559992,-2.4650179545053037
0.8073807636926733,1.4525929881357598
0.04045071269649281,-0.4040215676392575
-1.2749967333446213,-3.718069639983008
-0.08183877922590277,-0.2038485965909152
2.758665041748448,2.936622430720905
1.5491014735433,2.24735602594469
-2.6508590850278675,-3.897931030684649
2.865107620070421,7.216903024187655
1.322074049211981,1.6172629141555674
-1.4839281290898878,-1.5732411361344192
2.760384374410558,3.248730719602391
-0.027731872999949836,0.04056327126235634
0.2595078268400641,0.23830045222857285
-1.5124717290324583,-3.7380854020509564
2.977560290498321,3.2260980444225362
-1.1746641055354399,-1.4274972186970711
0.8523142521825289,0.4463676481870532
0.5000006240973915,0.7841646823358448
1.2844503710607418,2.2278357519988994
-2.5575256266177773,-3.2701490163917244
-0.0206577241868251,0.12397641794097938
-1.619700224745922,-0.05933731928812458
-2.2659355691675542,-5.402744375954072
0.1532528802905917,0.11560379250456182
-0.281665027467096,-0.44781243043659386
-0.2741358705635788,-0.599054597834356
-0.7194877364277321,-0.34766226640582776
-1.1256413765702886,-0.6085202816148976
-2.827960252804507,-0.01647055550452503
0.5591844002697761,0.7575199210255189
2.462698595542272,1.74892490997835
-0.05521633046159202,-0.1386359695252796
-1.2377287671090877,-2.7770174174185254
-1.151248410264339,-0.995468094064385
-1.434480015128307,-1.3609435411868724
-0.36868261987947726,-0.23167613904868206
-2.6771988911582563,-0.2552905572376978
-1.5811192552120505,-2.3623907181096686
2.657383709853656,2.8212201050809083
-0.26927726150593934,-0.42227687028574945
-2.7205398304398063,-5.870593230568325
-2.930597872110583,-5.75846089849268
2.8752474142846056,4.3278162253563135
1.68572315813908,3.120209871976197
-1.4122297453711679,-2.9968914552304087
-1.0175777920966322,-2.5950841610772026
1.5326790609338206,3.0916183371342347
0.8464771573313215,0.6454935613468996
0.9596199834540537,1.5510384800836041
-0.7585865785446213,-0.3920694943741255
2.025895168017067,4.178242701044042
1.2483461439714043,2.4301319939675556
1.3614393568824141,3.143940175063423
-1.8181885478372941,-2.4260071251601016
-1.17731055524381,-2.7733869830413322
-0.8267181029221193,0.4692049767386388
-1.172180017261026,-1.3617445726622517
-1.7905887295943013,-2.085721729751037
1.0430811720370254,1.7059101747494918
0.8990976700081688,0.08703493317049293
0.2988702281124431,0.1159629812202208
0.6783568109982956,2.0102409802480716
2.8367830091923745,0.5852709429902507
-2.589272044139525,-4.09682024139449
1.0438022827816757,1.78558672691183
1.8584239383111942,2.321943021645673
-0.3795729210653054,0.2945834029411344
-1.1426158855940063,-3.0786919728849704
0.29095053982918495,0.16285235515578816
1.572776933957896,2.7241484907016225
2.1928466780732894,3.8863653692068176
0.9736321897334448,1.5371155341084852
0.8617537250144762,1.4846987093011352
2.373217350312424,2.5193918577132637
0.1962878357698079,0.18557817676040395
-0.834221062769843,-1.98862206786866
-1.8707745740116064,-2.282354015671408
-2.1962353671511283,-5.8824000643177285
-0.7684704367468278,-2.0575190095785327
-2.831529824180582,-2.5853188946426857
0.8308746470489359,0.8317292792905194
2.25119461937022,7.113222482941527
0.8503102004170584,0.9443677596503158
2.885840281027244,3.439064841751792
2.54640423967526,6.0925620770349855
0.5622716999374973,1.3686086018861912
-2.2171900479340616,-3.626842531443669
-1.8232308733716296,-2.8553462214045995
-0.8689511031410024,-0.5791248394590623
-1.975867586889687,-2.685105567346726
-0.5148975087516705,-0.9427619000321977
2.9674293660367894,4.085153677242738
2.979933161694433,8.390102938595776
1.513788364929452,1.9245245750561233
0.6791879927392888,0.8271967010294233
2.113564348033333,3.1099199861915654
2.773395241495871,4.27250720734405
2.09473222175229,2.062268858805493
0.9061984983137101,2.5467983719463962
-0.07903452199257854,-0.20898639728479473
-0.7504999888164008,-0.7985983664271394
-0.37185117736388973,0.1385200222659042
-2.0382781328247184,-3.5259451008383453
-1.4238332518521175,-1.7066428793796873
1.5902824630247672,0.978995644407725
0.8390886450146469,0.7196046735367184
-1.1051728369462066,-1.5259601416341202
0.0826816792239109,0.02805335623635624
-0.7637820991223676,-0.638896329133874
-1.5652254387079856,-2.913635682069476
-2.362039584342048,-3.935378655021914
0.1868376843444577,0.0913948485834416
0.7745892571538859,1.9132359235730836
-2.99033296568596,-4.840458455719709
-2.7714108435340847,-5.324925779277876
-1.879748741789853,-3.950120941250905
1.5003235552492828,1.0732520772389524
1.4023573887200849,2.839608312114007
-0.49457588664376306,-0.7738657542700925
2.989925419669734,10.383035995132419
0.03422306345960813,-0.06554414005449631
0.9422008444157131,0.23718537569004527
0.2112899288330743,0.2519897790269776
2.586988263383012,7.868892959704868
-2.228823471024229,-2.7838849264198027
-2.669523476365784,-4.129105948096915
0.3005526102716347,0.25287433034382206
0.929194461006241,1.1549739114992403
2.0283178339634143,4.751411460899551
-0.060382991259938734,-0.2867238795921093
-1.9909053757986854,-2.937902997249249
-0.828860115762744,-1.1379314280850816
1.6867161021131354,2.547080179474485
-1.2752362684333054,-2.2078252964897915
2.1527394834412563,1.0701823350294148
-2.2805696493774894,-3.077251621192883
-0.4539307678912765,-0.8091128273272616
1.2711685075354016,3.0953134852241266
-0.8608249620615136,-1.411722245981519
0.9799014606917913,1.430050558076635
2.902289573317331,4.661762925089207
-2.742503030088402,-3.2359105247731548
-2.8041168313332916,-7.591224421994396
0.6121709018447139,1.0958860626377918
2.7141885770626377,0.9718142890024986
-0.057460917922219856,-0.17260100517368548
-0.20789481541899058,-0.10344001970655639
-1.643744618006164,-0.010715848224634339
-0.8089971477370979,-1.8938047234364541
-2.9736527785250852,-6.108515871010899
0.1470145082686205,-0.26479898094318605
1.8946934984407813,1.874866261133353
1.6849292418619282,5.302317012931512
-0.3573002846659836,-1.1943136279775661
-0.37660528800041515,-1.8896127078865435
1.0651354183100192,2.337730083384908
2.6136857969079497,5.43949655768349
1.4526470300014758,2.2314852091293456
-0.007785160608935193,0.014664088830589877
2.462993477488517,5.01409191581733
2.9256567497201775,5.966375593684911
1.3009588077862908,0.949700646013099
2.422686084734581,1.566940928455184
2.644315754877155,2.1704246138831573
0.42089800751674833,0.28262626812438413
-1.2356310598214366,-1.1713306695611216
1.397337568656651,3.191675790383683
-2.0056840245195726,-3.489327261651418
-0.9952698215711284,-1.267755857647275
-0.6107845740156295,-0.9687591895103914
2.085107313549173,1.916098304775508
-0.3980022601405002,-0.9832612875635618
0.735613035276371,1.1455089254185205
2.1863196111904877,4.42361791220368
-2.183704951002288,-2.6580456738800784
1.0608657249385036,1.4232109485284312
1.0539063563792386,2.7409315993168297
0.30170422817133336,1.0480652505879862
2.4403897590579184,1.1477599367662545
0.17704890311283838,-0.09777595933603134
-2.0530600962854475,-5.155311035810935
1.0268885087070654,2.276282900423096
-0.497731244054302,-0.8867794705491049
2.9477318646600166,4.536688104080457
1.8806395641750306,3.6221006517632697
-2.1782344048751234,-3.2847001254221513
-0.7601179207228212,-1.5621901067685924
-2.0571564494460794,-4.660429862990882
2.4272401989536245,3.250212796840845
-2.816410629661775,-2.71146215878114
-0.5802079046110507,-1.7967222638806402
-1.7632501997317531,-3.2587806258352554
-0.2785610399409024,-1.1278606077177455
1.753695757105242,3.784473915236404
-2.8584650619038388,-7.476814235203008
-1.4215728903126577,-3.824627845340192
2.0200242453074555,4.2076228232574096
-1.2439016538165946,-2.4765284608131366
-1.1423289897627384,-3.3224880807957433
